Model,ROC-AUC,Accuracy,F1-Score,Precision,Recall,RMSE
Logistic Regression,0.9125269107132178,0.853557129658146,0.8533102926651801,0.8533264754901664,0.853557129658146,0.38267854701022114
Random Forest,0.9644071112373395,0.9181937172774869,0.9180506225007201,0.9182112868683557,0.9181937172774869,0.2860179762226722
Naive Bayes,0.22673711225270876,0.6223821989528796,0.6192934855152538,0.6189723967338512,0.6223821989528796,0.6145061440271532
Gradient boost,0.980489679133353,0.9295888512473052,0.9294945323465772,0.9295883213655145,0.9295888512473052,0.26535099161807324
